Date,True_Price,Predicted_Price
2009-12-22,7.155714,7.0389905
2009-12-23,7.217857,7.090279
2009-12-24,7.465714,7.1539226
2009-12-28,7.5575,7.2299647
2009-12-29,7.467857,7.3276772
2009-12-30,7.558571,7.4323277
2009-12-31,7.526071,7.512426
2010-01-04,7.643214,7.582862
2010-01-05,7.656429,7.6329384
2010-01-06,7.534643,7.667589
2010-01-07,7.520714,7.6868796
2010-01-08,7.570714000000001,7.686977
2010-01-11,7.503929,7.678058
2010-01-12,7.418571,7.665129
2010-01-13,7.523214,7.623371
2010-01-14,7.479643,7.5819693
2010-01-15,7.354643,7.57264
2010-01-19,7.68,7.5491824
2010-01-20,7.561786,7.538997
2010-01-21,7.431071,7.5606604
2010-01-22,7.0625,7.5692344
2010-01-25,7.2525,7.495426
2010-01-28,7.1175,7.40158
2010-01-29,6.859286,7.3118796
2010-02-01,6.954643,7.200682
2010-02-02,6.995,7.125266
2010-02-03,7.115357,7.074391
2010-02-04,6.858929,7.059782
2010-02-05,6.980714,7.0310783
2010-02-08,6.932857,6.994971
2010-02-09,7.006786,7.006592
2010-02-10,6.968571,7.015215
2010-02-11,7.095357,7.042222
2010-02-12,7.156429,7.0575905
2010-02-16,7.264286,7.0776134
2010-02-17,7.233929,7.1343737
2010-02-18,7.2475,7.201941
2010-02-19,7.2025,7.2548842
2010-02-22,7.157857,7.2897096
2010-02-23,7.037857,7.3061485
2010-02-24,7.166429,7.278579
2010-02-25,7.214286,7.2614946
2010-02-26,7.307857,7.2320995
2010-03-01,7.463929,7.248301
2010-03-02,7.458929,7.2964067
2010-03-03,7.476071,7.361538
2010-03-04,7.525357,7.4366565
2010-03-05,7.819643,7.501015
2010-03-08,7.824286,7.5525575
2010-03-09,7.965,7.6655307
2010-03-10,8.03,7.7339954
2010-03-11,8.053571,7.8414555
2010-03-12,8.092857,7.9500875
2010-03-15,7.994286,8.045329
2010-03-16,8.016071,8.089179
2010-03-17,8.004286,8.113819
2010-03-18,8.023214,8.127645
2010-03-19,7.9375,8.139462
2010-03-22,8.026786,8.118479
2010-03-23,8.155714,8.102854
2010-03-24,8.191786,8.09985
2010-03-25,8.094643,8.122219
2010-03-26,8.246429,8.155051
2010-03-29,8.299643,8.184944
2010-03-30,8.423214,8.238919
2010-03-31,8.392857,8.311777
2010-04-01,8.4275,8.3833475
2010-04-05,8.5175,8.425958
2010-04-06,8.555,8.452991
2010-04-07,8.592857,8.507989
2010-04-08,8.569643,8.546071
2010-04-09,8.635357000000003,8.581854
2010-04-12,8.653214,8.639666
2010-04-13,8.658214,8.691294
2010-04-14,8.774643,8.730988
2010-04-15,8.89,8.768567
2010-04-16,8.835714,8.8193865
2010-04-19,8.823929,8.83198
2010-04-20,8.735357,8.848388
2010-04-21,9.257857,8.841134
2010-04-22,9.516786,8.890004
2010-04-23,9.6725,9.004667
2010-04-26,9.625,9.166453
2010-04-27,9.358571,9.357418
2010-04-28,9.342857,9.446204
2010-04-29,9.594286,9.463125
2010-04-30,9.324643,9.501899
2010-05-03,9.5125,9.529564
2010-05-04,9.238571,9.554448
2010-05-05,9.1425,9.507674
2010-05-06,8.794643,9.3949175
2010-05-10,9.071071,9.136878
2010-05-11,9.161429,9.00846
2010-05-12,9.360357,8.972966
2010-05-13,9.227143,9.034264
2010-05-14,9.065,9.119495
2010-05-17,9.079286,9.1351795
2010-05-18,9.012857,9.124361
2010-05-19,8.869286,9.112739
2010-05-20,8.491429,9.043259
2010-05-21,8.654286,8.891213
2010-05-24,8.812857,8.737969
2010-05-25,8.757857,8.719533
2010-05-26,8.718214,8.671621
2010-05-27,9.048214,8.688042
2010-05-28,9.174286,8.765122
2010-06-01,9.315357,8.865979
2010-06-02,9.426786,8.9880705
2010-06-03,9.397143,9.131332
2010-06-04,9.141429,9.2539
2010-06-07,8.962143,9.294847
2010-06-08,8.904643,9.267407
2010-06-09,8.685714,9.183604
2010-06-10,8.946786,9.090166
2010-06-11,9.053929,9.009147
2010-06-14,9.081429,8.989496
2010-06-15,9.274643,9.015161
2010-06-16,9.544643,9.070874
2010-06-17,9.709643,9.151155
2010-06-18,9.788214,9.273741
2010-06-21,9.648929,9.418188
2010-06-22,9.780357,9.546116
2010-06-23,9.6775,9.648082
2010-06-24,9.607143,9.702495
2010-06-25,9.525,9.725433
2010-06-28,9.582143,9.731154
2010-06-29,9.148929,9.710459
2010-06-30,8.983214,9.575167
2010-07-01,8.874286,9.449123
2010-07-02,8.819285999999998,9.274787
2010-07-06,8.879643,9.143488
2010-07-07,9.238214,9.056939
2010-07-08,9.2175,9.028189
2010-07-09,9.272143,9.05498
2010-07-12,9.188929,9.124443
2010-07-13,8.992857,9.1737585
2010-07-14,9.026071,9.113191
2010-07-15,8.980357,9.08333
2010-07-16,8.925,9.047623
2010-07-19,8.770714,8.998609
2010-07-20,8.996071,8.928298
2010-07-21,9.08,8.862724
2010-07-22,9.250714,8.885052
2010-07-23,9.283571,8.987375
2010-07-26,9.26,9.093338
2010-07-27,9.431429,9.193185
2010-07-28,9.32,9.272366
2010-07-29,9.218214,9.344499
2010-07-30,9.1875,9.362648
2010-08-02,9.351786,9.365776
2010-08-03,9.354643,9.381543
2010-08-04,9.392143,9.40035
2010-08-05,9.346429,9.423254
2010-08-06,9.288929,9.451872
2010-08-09,9.348214,9.440855
2010-08-10,9.264643,9.447559
2010-08-11,8.935357,9.424663
2010-08-12,8.9925,9.340217
2010-08-13,8.896429,9.241464
2010-08-16,8.844286,9.174435
2010-08-17,8.998929,9.110663
2010-08-18,9.038214,9.070663
2010-08-19,8.924286,9.0704
2010-08-20,8.915714,9.062359
2010-08-23,8.778571,9.057688
2010-08-24,8.568929,9.037738
2010-08-25,8.674643,8.948041
2010-08-26,8.581429,8.853118
2010-08-27,8.629286,8.800878
2010-08-30,8.660714,8.743809
2010-08-31,8.682143,8.72994
2010-09-01,8.940357,8.725009
2010-09-02,9.006071000000002,8.742944
2010-09-03,9.241786,8.8213215
2010-09-07,9.2075,8.92607
2010-09-08,9.39,9.051052
2010-09-09,9.395357,9.161565
2010-09-10,9.4075,9.282917
2010-09-13,9.537143,9.379454
2010-09-14,9.573571,9.46984
2010-09-15,9.650714,9.542064
2010-09-16,9.8775,9.60462
2010-09-17,9.834643,9.655494
2010-09-20,10.115357,9.723679
2010-09-21,10.134643,9.806696
2010-09-22,10.276786,9.911392
2010-09-23,10.318571,10.020181
2010-09-24,10.44,10.105968
2010-09-27,10.398571,10.215599
2010-09-28,10.245,10.330352
2010-09-29,10.263214,10.310021
2010-09-30,10.133929,10.343083
2010-10-01,10.09,10.326421
2010-10-04,9.951429,10.316155
2010-10-05,10.319286,10.273387
2010-10-06,10.328214,10.2515
2010-10-07,10.329286,10.247843
2010-10-08,10.5025,10.292177
2010-10-11,10.548571,10.328072
2010-10-12,10.662143,10.413243
2010-10-13,10.719286,10.481701
2010-10-14,10.796786,10.556988
2010-10-15,11.240714,10.655655
2010-10-18,11.357143,10.734913
2010-10-19,11.053214,10.842553
2010-10-20,11.090357,10.866536
2010-10-21,11.054286,10.944353
2010-10-22,10.981071,11.0253105
2010-10-25,11.03,11.0872345
2010-10-26,11.001786,11.125728
2010-10-27,10.993929,11.13531
2010-10-28,10.901429,11.13094
2010-10-29,10.749286,11.087491
2010-11-01,10.863570999999999,11.043194
2010-11-02,11.048571,11.003867
2010-11-03,11.171429,11.002823
2010-11-04,11.366786,11.027608
2010-11-05,11.326071,11.085081
2010-11-08,11.379286,11.191668
2010-11-09,11.288571,11.294767
2010-11-10,11.358214,11.360833
2010-11-11,11.308929,11.396594
2010-11-12,11.001071,11.412483
2010-11-15,10.965714,11.32739
2010-11-16,10.771071,11.272613
2010-11-17,10.732143,11.1556
2010-11-18,11.015357,11.052719
2010-11-19,10.954643,11.001817
2010-11-22,11.191429,10.994778
2010-11-23,11.026071,11.017865
2010-11-24,11.242857,11.031376
2010-11-26,11.25,11.086732
2010-11-29,11.316786,11.173884
2010-11-30,11.1125,11.225064
2010-12-01,11.3,11.240237
2010-12-02,11.3625,11.270498
2010-12-03,11.337143,11.306514
2010-12-06,11.433929,11.353431
2010-12-07,11.364643,11.392479
2010-12-08,11.464643,11.441038
2010-12-09,11.42,11.481449
2010-12-10,11.448571,11.51806
2010-12-13,11.488214,11.543028
2010-12-14,11.438929,11.553868
2010-12-15,11.441429,11.564681
2010-12-16,11.473214,11.558506
2010-12-17,11.450357,11.566042
2010-12-20,11.5075,11.562254
2010-12-21,11.578571,11.5595665
2010-12-22,11.612857,11.587747
2010-12-23,11.557143,11.622746
2010-12-27,11.595714,11.65704
2010-12-28,11.623929,11.675037
2010-12-29,11.6175,11.708218
2010-12-30,11.559286,11.738532
2010-12-31,11.52,11.753103
2011-01-03,11.770357,11.741581
2011-01-04,11.831786,11.723897
2011-01-05,11.928571,11.761244
2011-01-06,11.918929,11.818594
2011-01-07,12.004286,11.879428
2011-01-10,12.230357,11.934909
2011-01-11,12.201429,11.99893
2011-01-12,12.300714,12.078296
2011-01-13,12.345714,12.174053
2011-01-14,12.445714,12.26302
2011-01-19,12.101429,12.34061
2011-01-20,11.881429,12.264796
2011-01-21,11.668571,12.18722
2011-01-24,12.051786,12.076192
2011-01-25,12.192857,12.004351
2011-01-26,12.280357,11.99282
2011-01-27,12.2575,12.043637
2011-01-28,12.003571,12.138769
2011-01-31,12.118571,12.15359
2011-02-01,12.3225,12.168538
2011-02-02,12.297143,12.198971
2011-02-03,12.265714,12.26259
2011-02-04,12.375,12.286678
2011-02-07,12.567143,12.326063
2011-02-08,12.685714,12.3706045
2011-02-09,12.791429,12.458432
2011-02-10,12.662143,12.545039
2011-02-11,12.744643,12.548131
2011-02-14,12.827857,12.628419
2011-02-15,12.853571,12.712329
2011-02-16,12.968929,12.788877
2011-02-17,12.796429,12.840068
2011-02-18,12.52,12.850393
2011-02-22,12.093214000000001,12.782526
2011-02-23,12.236429,12.620558
2011-02-24,12.245714,12.481442
2011-02-25,12.434286,12.393401
2011-02-28,12.614643,12.372952
2011-03-01,12.475357,12.41134
2011-03-02,12.575714,12.45636
2011-03-03,12.841429,12.47616
2011-03-04,12.857143,12.550038
2011-03-07,12.691429,12.641821
2011-03-08,12.705714,12.694622
2011-03-09,12.588214,12.740782
2011-03-10,12.381071,12.737516
2011-03-11,12.571071,12.678184
2011-03-14,12.627143,12.6218815
2011-03-15,12.336786,12.610097
2011-03-16,11.786071,12.514635
2011-03-17,11.951429,12.305974
2011-03-18,11.809643,12.185453
2011-03-21,12.117857,12.0692425
2011-03-22,12.185714,12.049348
2011-03-23,12.113929,12.085866
2011-03-24,12.320357,12.110472
2011-03-25,12.555,12.152934
2011-03-28,12.515714,12.235483
2011-03-29,12.534286,12.357016
2011-03-30,12.451071,12.438114
2011-03-31,12.446786,12.497596
2011-04-01,12.305714,12.533187
2011-04-04,12.185357,12.527732
2011-04-05,12.103214,12.474558
2011-04-06,12.072857,12.388603
2011-04-07,12.074286,12.32554
2011-04-08,11.966429,12.268903
2011-04-11,11.814286,12.215908
2011-04-12,11.871429,12.141783
2011-04-13,12.004643,12.064718
2011-04-14,11.872143,12.032529
2011-04-15,11.695,12.018223
2011-04-18,11.851786,11.968412
2011-04-19,12.066429,11.884885
2011-04-20,12.228929,11.886753
2011-04-21,12.525,11.927612
2011-04-25,12.6075,12.044703
2011-04-26,12.515,12.2385025
2011-04-27,12.505357,12.390924
2011-04-28,12.383929,12.491192
2011-04-29,12.504643,12.532145
2011-05-02,12.367143,12.469265
2011-05-03,12.435714,12.482691
2011-05-04,12.484643,12.505357
2011-05-05,12.383929,12.516226
2011-05-06,12.380714,12.524729
2011-05-09,12.414286,12.534905
2011-05-10,12.480357,12.548313
2011-05-11,12.401071,12.550184
2011-05-12,12.3775,12.539169
2011-05-13,12.160714,12.514732
2011-05-16,11.903571,12.472756
2011-05-17,12.005,12.372137
2011-05-18,12.138214,12.255256
2011-05-19,12.161786,12.197642
2011-05-20,11.972143,12.192377
2011-05-23,11.942857,12.174067
2011-05-24,11.863929,12.119748
2011-05-25,12.027857,12.079624
2011-05-26,11.964286,12.063832
2011-05-27,12.050357,12.06935
2011-05-31,12.4225,12.083997
2011-06-01,12.339643,12.12484
2011-06-02,12.360714,12.185673
2011-06-03,12.265714,12.271833
2011-06-06,12.072857,12.326062
2011-06-07,11.858571,12.326942
2011-06-08,11.865714,12.261172
2011-06-09,11.838929,12.193332
2011-06-10,11.639286,12.130437
2011-06-13,11.664286,12.030404
2011-06-14,11.872857,11.946109
2011-06-15,11.669643,11.904918
2011-06-16,11.612857,11.858284
2011-06-17,11.437857,11.786777
2011-06-20,11.261429,11.710432
2011-06-21,11.617857,11.58984
2011-06-22,11.521786,11.529875
2011-06-23,11.829643,11.535471
2011-06-24,11.655357,11.54106
2011-06-27,11.858571,11.596667
2011-06-28,11.973571,11.6778345
2011-06-29,11.93,11.784796
2011-06-30,11.988214,11.871415
2011-07-01,12.259286,11.944072
2011-07-05,12.479643,12.009851
2011-07-06,12.562857,12.123202
2011-07-07,12.757143,12.245115
2011-07-08,12.846786,12.396266
2011-07-11,12.642857,12.519048
2011-07-12,12.633929,12.616712
2011-07-13,12.786429,12.666893
2011-07-14,12.7775,12.728037
2011-07-15,13.032857,12.778558
2011-07-18,13.35,12.831799
2011-07-19,13.458929,12.913402
2011-07-20,13.817857,13.005197
2011-07-21,13.831786,13.174847
2011-07-22,14.046429,13.387692
2011-07-25,14.232143,13.580104
2011-07-26,14.4075,13.740094
2011-07-27,14.021071,13.925504
2011-07-28,13.993571,14.020707
2011-07-29,13.945714,14.05514
2011-08-01,14.169643,14.029655
2011-08-02,13.889643,14.033744
2011-08-03,14.020357,14.020926
2011-08-04,13.4775,13.969129
2011-08-05,13.343571,13.859318
2011-08-08,12.614643,13.649931
2011-08-09,13.3575,13.371246
2011-08-10,12.988929,13.163886
2011-08-11,13.346429,13.05714
2011-08-12,13.463929,13.035429
2011-08-15,13.693214,13.112668
2011-08-16,13.588571,13.24058
2011-08-17,13.587143,13.349262
2011-08-18,13.073214,13.449298
2011-08-19,12.715357,13.379133
2011-08-22,12.73,13.246324
2011-08-23,13.342857,13.138714
2011-08-24,13.435000000000002,13.064117
2011-08-25,13.347143,13.082462
2011-08-26,13.699286,13.067623
2011-08-29,13.9275,13.1384945
2011-08-30,13.928214,13.326689
2011-08-31,13.743929,13.509432
2011-09-01,13.608214,13.631811
2011-09-02,13.358929,13.720135
2011-09-06,13.562143,13.695366
2011-09-07,13.711786,13.617193
2011-09-08,13.719286,13.625458
2011-09-09,13.481429,13.647347
2011-09-12,13.569286,13.627888
2011-09-13,13.736429,13.594157
2011-09-14,13.903571,13.60082
2011-09-15,14.034286,13.640106
2011-09-16,14.303571,13.730482
2011-09-19,14.701071,13.813114
2011-09-20,14.766071,13.918302
2011-09-21,14.719286,14.101035
2011-09-22,14.350714,14.309282
2011-09-23,14.439286,14.337223
2011-09-26,14.398929,14.381877
2011-09-27,14.259286,14.33149
2011-09-28,14.178929,14.324154
2011-09-29,13.948929,14.326025
2011-09-30,13.618571,14.254389
2011-10-03,13.378571,14.132167
2011-10-04,13.303571,13.941449
2011-10-05,13.508929,13.636662
2011-10-06,13.4775,13.44965
2011-10-07,13.207143,13.343886
2011-10-10,13.886071,13.305711
2011-10-11,14.296071,13.366063
2011-10-12,14.363929,13.509288
2011-10-13,14.586786,13.718429
2011-10-14,15.071429,13.958703
2011-10-17,14.999643,14.214122
2011-10-18,15.08,14.435997
2011-10-19,14.236429,14.582929
2011-10-20,14.118214,14.533186
2011-10-21,14.031071,14.488546
2011-10-24,14.491786,14.386626
2011-10-25,14.206071,14.337404
2011-10-26,14.307143,14.322451
2011-10-27,14.453214,14.300007
2011-10-28,14.4625,14.314147
2011-10-31,14.456429,14.360424
2011-11-01,14.161071,14.390875
2011-11-02,14.193214,14.3425865
2011-11-03,14.395357,14.322796
2011-11-04,14.294286,14.297739
2011-11-07,14.276071,14.310608
2011-11-08,14.508214,14.316686
2011-11-09,14.117143,14.332266
2011-11-10,13.757857,14.286051
2011-11-11,13.736429,14.164549
2011-11-14,13.545,14.029018
2011-11-15,13.886786,13.91628
2011-11-16,13.741786,13.836743
2011-11-17,13.478929,13.813132
2011-11-18,13.390714,13.74713
2011-11-21,13.178929,13.682013
2011-11-22,13.446786,13.560152
2011-11-23,13.106786,13.479512
2011-11-25,12.984643,13.404145
2011-11-28,13.432857,13.34318
2011-11-29,13.328571,13.320472
2011-11-30,13.65,13.323237
2011-12-01,13.854643,13.375493
2011-12-02,13.917857,13.469781
2011-12-05,14.036071,13.599246
2011-12-06,13.9625,13.741247
2011-12-07,13.896071,13.864035
2011-12-08,13.952143,13.93217
2011-12-09,14.057857,13.974852
2011-12-12,13.994286,14.021304
2011-12-13,13.886071,14.046835
2011-12-14,13.578214,14.048926
2011-12-15,13.533571,13.981526
2011-12-16,13.607857,13.91319
2011-12-19,13.650357,13.822572
2011-12-20,14.141071,13.784714
2011-12-21,14.158929,13.8050165
2011-12-22,14.233929,13.886599
2011-12-23,14.404643,13.997039
2011-12-27,14.518929,14.110037
2011-12-28,14.38,14.234691
2011-12-29,14.468571,14.342654
2011-12-30,14.464286,14.417447
2012-01-03,14.686786,14.476286
2012-01-04,14.765714,14.533233
2012-01-05,14.929643,14.602368
2012-01-06,15.085714,14.684602
2012-01-09,15.061786,14.781955
2012-01-10,15.115714,14.8781185
2012-01-11,15.091071,14.984271
2012-01-12,15.049643,15.0579605
2012-01-13,14.993214,15.099131
2012-01-17,15.167857,15.106928
2012-01-18,15.325357,15.127237
2012-01-19,15.276786,15.165722
2012-01-20,15.010714,15.215055
2012-01-23,15.264643,15.201581
2012-01-24,15.014643,15.203951
2012-01-25,15.952143,15.147363
2012-01-26,15.879643,15.19554
2012-01-27,15.974286,15.39022
2012-01-30,16.178928,15.565681
2012-01-31,16.302856,15.709584
2012-02-01,16.2925,15.857865
2012-02-02,16.254286,16.012253
2012-02-03,16.417143,16.135962
2012-02-06,16.570356,16.216965
2012-02-07,16.743929,16.300098
2012-02-08,17.024286,16.388453
2012-02-09,17.613214,16.490114
2012-02-10,17.622143,16.588945
2012-02-13,17.950001,16.780064
2012-02-14,18.195,17.022722
2012-02-16,17.936071,17.27798
2012-02-17,17.932858,17.340445
2012-02-21,18.387501,17.471827
2012-02-22,18.322857,17.599827
2012-02-23,18.442499,17.74615
2012-02-24,18.657499,17.859114
2012-02-27,18.777143,18.011272
2012-02-28,19.121786,18.12526
2012-02-29,19.372856,18.25272
2012-03-01,19.445356,18.361418
2012-03-02,19.470715,18.542494
2012-03-05,19.04143,18.745893
2012-03-06,18.937857,18.786724
2012-03-07,18.953215,18.72089
2012-03-08,19.356787,18.659315
2012-03-09,19.470358,18.697037
2012-03-12,19.714287,18.801788
2012-03-13,20.289286,18.936838
2012-03-15,20.912857,19.074785
2012-03-16,20.913214,19.28029
2012-03-19,21.467857,19.551466
2012-03-20,21.64143,19.828842
2012-03-21,21.517857,20.104424
2012-03-22,21.405001,20.378216
2012-03-23,21.2875,20.565619
2012-03-26,21.677856,20.7175
2012-03-27,21.945715,20.79716
2012-03-28,22.057858,20.893415
2012-03-29,21.780714,21.001652
2012-03-30,21.4125,21.081701
2012-04-02,22.093929,21.064589
2012-04-03,22.475714,21.082882
2012-04-04,22.296785,21.14407
2012-04-05,22.63143,21.26343
2012-04-09,22.7225,21.38237
2012-04-10,22.444286,21.509672
2012-04-11,22.364286,21.564058
2012-04-12,22.241785,21.63017
2012-04-13,21.615356,21.65825
2012-04-16,20.718929,21.546343
2012-04-17,21.775,21.273195
2012-04-18,21.726429,20.996115
2012-04-19,20.98,20.875637
2012-04-20,20.463572,20.763771
2012-04-23,20.417856,20.556744
2012-04-24,20.01,20.30548
2012-04-25,21.785713,20.010288
2012-04-26,21.703571,20.07611
2012-04-27,21.535713,20.319014
2012-04-30,20.856428,20.55278
2012-05-01,20.790358,20.640375
2012-05-02,20.927856,20.620363
2012-05-03,20.779285,20.590225
2012-05-04,20.1875,20.564936
2012-05-07,20.338572,20.431976
2012-05-08,20.292143,20.277405
2012-05-09,20.327856,20.126938
2012-05-10,20.375713,20.011333
2012-05-11,20.239643,19.987137
2012-05-14,19.936428,19.951542
2012-05-15,19.756071,19.898134
2012-05-16,19.502857,19.793951
2012-05-17,18.932858,19.63702
2012-05-18,18.942142,19.398682
2012-05-21,20.045713,19.147507
2012-05-22,19.891787,19.04384
2012-05-23,20.377144,19.080997
2012-05-24,20.190001,19.20011
2012-05-25,20.081785,19.374159
2012-05-29,20.438213,19.529642
2012-05-30,20.684643,19.670382
2012-05-31,20.633215,19.774248
2012-06-01,20.035357,19.888952
2012-06-04,20.153214,19.91222
2012-06-05,20.10107,19.858164
2012-06-06,20.409286,19.830341
2012-06-07,20.418571,19.840376
2012-06-08,20.725714,19.894003
2012-06-11,20.39893,19.967325
2012-06-12,20.577143,20.004892
2012-06-13,20.434286,20.043676
2012-06-14,20.411785,20.093363
2012-06-15,20.504642,20.097609
2012-06-18,20.920713,20.09808
2012-06-19,20.97893,20.110453
2012-06-20,20.919287,20.191202
2012-06-21,20.631071,20.277798
2012-06-22,20.789286,20.338028
2012-06-25,20.384644,20.368961
2012-06-26,20.429644,20.345789
2012-06-27,20.517857,20.293734
2012-06-28,20.323214,20.268843
2012-06-29,20.857143,20.209795
2012-07-02,21.161428,20.18214
2012-07-03,21.407499,20.237288
2012-07-05,21.783571,20.394117
2012-07-06,21.638571,20.550392
2012-07-09,21.924643,20.714241
2012-07-10,21.721786,20.876118
2012-07-11,21.586786000000004,20.996033
2012-07-12,21.389286,21.051989
2012-07-13,21.606071,21.049503
2012-07-16,21.675358,21.071638
2012-07-17,21.67643,21.109018
2012-07-18,21.652143,21.149944
2012-07-19,21.940001,21.1831
2012-07-20,21.582144,21.19394
2012-07-23,21.565357,21.204641
2012-07-24,21.46143,21.130186
2012-07-25,20.534643,21.05987
2012-07-26,20.531429,20.785946
2012-07-27,20.898571,20.610453
2012-07-30,21.251072,20.475813
2012-07-31,21.812857,20.462624
2012-08-01,21.671785,20.55801
2012-08-02,21.706785,20.723175
2012-08-03,21.989286,20.866217
2012-08-06,22.233929,21.020405
2012-08-07,22.175358,21.192896
2012-08-08,22.137857,21.350523
2012-08-09,22.168928,21.476093
2012-08-10,22.203571,21.568268
2012-08-13,22.5,21.637968
2012-08-14,22.560356,21.700209
2012-08-15,22.529642,21.778267
2012-08-16,22.726429,21.861069
2012-08-17,23.146786,21.938532
2012-08-20,23.755358,22.01283
2012-08-21,23.430714,22.127918
2012-08-22,23.888214,22.239008
2012-08-23,23.665358,22.39115
2012-08-24,23.686428,22.566442
2012-08-27,24.13143,22.688192
2012-08-28,24.1,22.852575
2012-08-29,24.0525,23.024006
2012-08-30,23.709642,23.170616
2012-08-31,23.758572,23.213446
2012-09-04,24.106071,23.194939
2012-09-05,23.936787,23.180624
2012-09-06,24.1525,23.193708
2012-09-07,24.30143,23.208614
2012-09-10,23.669287,23.264626
2012-09-11,23.592501,23.247345
2012-09-12,23.92107,23.170511
2012-09-13,24.392143,23.04894
2012-09-14,24.688572,23.054024
2012-09-17,24.992144,23.15501
2012-09-18,25.068214,23.358492
2012-09-19,25.075001,23.563206
2012-09-20,24.953571,23.750786
2012-09-21,25.003214,23.874481
2012-09-24,24.67107,23.918646
2012-09-25,24.055,23.86817
2012-09-26,23.75643,23.785316
2012-09-27,24.332857,23.5995
2012-09-28,23.825001,23.430792
2012-10-01,23.549642999999996,23.31714
2012-10-02,23.618214,23.19772
2012-10-03,23.980356,23.046349
2012-10-04,23.814285,23.003273
2012-10-05,23.306786,23.010687
2012-10-08,22.791786,22.925404
2012-10-09,22.708929,22.744741
2012-10-10,22.889643,22.475124
2012-10-11,22.432142,22.341549
2012-10-12,22.489643,22.224594
2012-10-15,22.67,22.118433
2012-10-16,23.206785,22.038946
2012-10-17,23.021786,22.010641
2012-10-18,22.594286,22.086924
2012-10-19,21.780001,22.096037
2012-10-22,22.643929,21.944096
2012-10-23,21.905714,21.839775
2012-10-24,22.029642,21.710524
2012-10-25,21.769285,21.623415
2012-10-26,21.571428,21.50645
2012-10-31,21.261429,21.277185
2012-11-01,21.305,21.134268
2012-11-02,20.6,21.047718
2012-11-05,20.879286,20.867085
2012-11-06,20.816071,20.7041
2012-11-07,19.928572,20.614828
2012-11-08,19.205357,20.358147
2012-11-09,19.537857,19.972534
2012-11-12,19.386786,19.62573
2012-11-13,19.389286,19.440956
2012-11-14,19.174286,19.283468
2012-11-15,18.772142,19.172348
2012-11-16,18.845715,18.975393
2012-11-19,20.204643,18.662
2012-11-20,20.032499,18.667622
2012-11-21,20.060715,18.85779
2012-11-23,20.410713,19.116404
2012-11-26,21.054644,19.389118
2012-11-27,20.885,19.620304
2012-11-28,20.819286,19.869137
2012-11-29,21.048571,20.039795
2012-11-30,20.902857,20.206629
2012-12-03,20.935356,20.345646
2012-12-04,20.566071,20.46571
2012-12-05,19.2425,20.446419
2012-12-06,19.544287,20.156061
2012-12-07,19.044643,19.73276
2012-12-10,18.922144,19.446869
2012-12-11,19.335358,19.179926
2012-12-12,19.25,19.034786
2012-12-13,18.9175,18.983446
2012-12-14,18.206785,18.87729
2012-12-17,18.529642,18.597012
2012-12-18,19.067858,18.37951
2012-12-19,18.796785,18.321898
2012-12-20,18.633215,18.365196
2012-12-21,18.547501,18.397255
2012-12-24,18.577499,18.346066
2012-12-26,18.321428,18.392702
2012-12-27,18.395,18.378334
2012-12-28,18.199642,18.30494
2012-12-31,19.006071,18.244034
2013-01-02,19.608213,18.197649
2013-01-03,19.360714,18.37081
2013-01-04,18.821428,18.607937
2013-01-07,18.710714,18.690096
2013-01-08,18.76107,18.685411
2013-01-09,18.467857,18.665829
2013-01-10,18.696787,18.61157
2013-01-11,18.582144,18.53172
2013-01-14,17.919643,18.506275
2013-01-15,17.354286,18.301294
2013-01-16,18.074642,18.001553
2013-01-17,17.952856,17.816664
2013-01-18,17.857143,17.76926
2013-01-22,18.0275,17.72079
2013-01-23,18.3575,17.708565
2013-01-25,15.71,17.682198
2013-01-28,16.065357,17.242453
2013-01-29,16.366785,16.81017
2013-01-30,16.315357,16.533522
2013-01-31,16.2675,16.379793
2013-02-01,16.200714,16.300713
2013-02-04,15.797143,16.210947
2013-02-05,16.351429,16.122875
2013-02-06,16.333929,16.047049
2013-02-07,16.722143,16.038565
2013-02-08,16.963572,16.079348
2013-02-11,17.140356,16.216537
2013-02-12,16.710714,16.412615
2013-02-13,16.678928,16.547218
2013-02-14,16.663929,16.62684
2013-02-15,16.434286,16.674538
2013-02-19,16.428213,16.67132
2013-02-20,16.030357,16.610075
2013-02-21,15.930714,16.494406
2013-02-22,16.100357,16.34105
2013-02-25,15.814286000000001,16.23707
2013-02-26,16.034643,16.147072
2013-02-27,15.8775,16.041327
2013-02-28,15.764286,15.94981
2013-03-01,15.373929,15.915297
2013-03-04,15.001786,15.791685
2013-03-05,15.397857,15.603684
2013-03-06,15.202143,15.438415
2013-03-07,15.377857,15.359935
2013-03-08,15.418571,15.298684
2013-03-11,15.638214,15.296251
2013-03-12,15.301071,15.308357
2013-03-13,15.298214,15.330615
2013-03-14,15.446429,15.342897
2013-03-15,15.845,15.382575
2013-03-18,16.275715,15.413771
2013-03-19,16.231787,15.518726
2013-03-20,16.145714,15.6854515
2013-03-21,16.168928,15.869564
2013-03-22,16.496786,15.992209
2013-03-25,16.556429,16.103153
2013-03-26,16.469286,16.215206
2013-03-27,16.145714,16.340525
2013-03-28,15.809286,16.369669
2013-04-01,15.318214,16.292027
2013-04-02,15.349643,16.134256
2013-04-03,15.428214,15.913417
2013-04-04,15.275714,15.756331
2013-04-05,15.114286,15.62354
2013-04-08,15.221786,15.473932
2013-04-09,15.249286,15.373243
2013-04-10,15.560357,15.308124
2013-04-11,15.511786,15.2934265
2013-04-12,15.35,15.331425
2013-04-15,14.994643,15.380317
2013-04-16,15.222857,15.355343
2013-04-17,14.385714,15.31538
2013-04-18,14.001786,15.087155
2013-04-19,13.9475,14.841723
2013-04-22,14.238214,14.576559
2013-04-23,14.504643,14.405984
2013-04-24,14.480714,14.304865
2013-04-25,14.585,14.205946
2013-04-26,14.9,14.288932
2013-04-29,15.361429,14.354037
2013-04-30,15.813571,14.52622
2013-05-01,15.688929,14.773164
2013-05-02,15.911429,15.051912
2013-05-03,16.070715,15.318224
2013-05-06,16.45393,15.577986
2013-05-07,16.380714,15.806562
2013-05-08,16.565714,16.008038
2013-05-09,16.313213,16.165987
2013-05-10,16.1775,16.280243
2013-05-13,16.240713,16.33863
2013-05-14,15.852143,16.353436
2013-05-15,15.316071,16.289244
2013-05-16,15.520714,16.065332
2013-05-17,15.473571,15.837733
2013-05-20,15.818929,15.707951
2013-05-21,15.702143000000001,15.634526
2013-05-22,15.7625,15.607335
2013-05-23,15.790714,15.628835
2013-05-24,15.898214,15.663664
2013-05-28,15.765714,15.722276
2013-05-29,15.891071,15.772906
2013-05-30,16.127857,15.813635
2013-05-31,16.061787,15.872458
2013-06-03,16.097143,15.944073
2013-06-04,16.046785,15.992344
2013-06-05,15.896786,16.048319
2013-06-06,15.659286,16.063097
2013-06-07,15.778929,16.004066
2013-06-10,15.674643,15.921967
2013-06-11,15.628571,15.858513
2013-06-12,15.435357,15.814175
2013-06-13,15.57,15.766951
2013-06-14,15.358929,15.7065525
2013-06-17,15.428571,15.648442
2013-06-18,15.420357,15.60245
2013-06-19,15.107142999999999,15.577322
2013-06-20,14.887143,15.5101185
2013-06-21,14.767857,15.391249
2013-06-24,14.376429,15.227722
2013-06-25,14.379643,15.017023
2013-06-26,14.216786,14.848079
2013-06-27,14.063571000000001,14.684874
2013-06-28,14.161786,14.53962
2013-07-01,14.615,14.371924
2013-07-02,14.946071,14.347667
2013-07-03,15.028570999999998,14.41451
2013-07-05,14.907857,14.583453
2013-07-08,14.823214,14.735125
2013-07-09,15.083929,14.837316
2013-07-10,15.026071,14.901159
2013-07-11,15.260357,14.975164
2013-07-12,15.2325,15.052661
2013-07-15,15.265714,15.140012
2013-07-16,15.364286,15.22134
2013-07-17,15.368214,15.290538
2013-07-18,15.42,15.357072
2013-07-19,15.176786,15.421381
2013-07-22,15.225357,15.443533
2013-07-23,14.963929,15.450359
2013-07-24,15.7325,15.38617
2013-07-25,15.660714,15.386766
2013-07-26,15.749643,15.484181
2013-07-29,15.9925,15.574077
2013-07-30,16.190001,15.677078
2013-07-31,16.161785,15.808174
2013-08-01,16.309999,15.936373
2013-08-02,16.519285,16.07489
2013-08-05,16.766071,16.199335
2013-08-06,16.616072,16.334513
2013-08-07,16.606428,16.45088
2013-08-08,16.464643,16.532204
2013-08-09,16.230356,16.576775
2013-08-12,16.691429,16.562773
2013-08-13,17.484644,16.545204
2013-08-14,17.803572,16.556803
2013-08-15,17.782499,16.746094
2013-08-16,17.940357,16.998484
2013-08-19,18.133572,17.262684
2013-08-20,17.895357,17.487026
2013-08-21,17.941429,17.683994
2013-08-22,17.962856,17.81616
2013-08-23,17.893572,17.908741
2013-08-26,17.963215,17.957487
2013-08-27,17.449642,17.968904
2013-08-28,17.532143,17.89417
2013-08-29,17.560715,17.802965
2013-08-30,17.400715,17.73976
2013-09-03,17.449286,17.666689
2013-09-04,17.810356,17.610577
2013-09-05,17.688213,17.613707
2013-09-06,17.793571,17.650484
2013-09-09,18.077499,17.656548
2013-09-10,17.665714,17.719404
2013-09-11,16.70393,17.679583
2013-09-12,16.881786,17.429916
2013-09-13,16.603571,17.254925
2013-09-16,16.075714,17.097816
2013-09-17,16.261429,16.84439
2013-09-18,16.595715,16.629435
2013-09-19,16.867857,16.511967
2013-09-20,16.693214,16.519459
2013-09-23,17.522858,16.522821
2013-09-24,17.467857,16.65282
2013-09-25,17.197500000000005,16.890394
2013-09-26,17.365,17.069412
2013-09-27,17.241072,17.21053
2013-09-30,17.026787,17.287552
2013-10-01,17.427143,17.28579
2013-10-02,17.484285,17.273611
2013-10-03,17.264643,17.302368
2013-10-04,17.251072,17.323578
2013-10-07,17.419643,17.327126
2013-10-08,17.17643,17.341837
2013-10-09,17.378214,17.349743
2013-10-10,17.487143,17.342514
2013-10-11,17.600357,17.370152
2013-10-14,17.715714,17.405031
2013-10-15,17.809999,17.45785
2013-10-16,17.896786,17.528595
2013-10-17,18.017857,17.62687
2013-10-18,18.174643,17.72106
2013-10-21,18.620001,17.821629
2013-10-22,18.566786,17.948532
2013-10-23,18.748571,18.06433
2013-10-24,18.996786,18.220829
2013-10-25,18.784286,18.367157
2013-10-28,18.924286,18.504337
2013-10-29,18.452856,18.56504
2013-10-30,18.746429,18.57592
2013-10-31,18.667856,18.602552
2013-11-01,18.5725,18.630222
2013-11-04,18.8125,18.62811
2013-11-05,18.766071,18.633072
2013-11-06,18.604286000000002,18.645159
2013-11-07,18.303213,18.650852
2013-11-08,18.591429,18.611483
2013-11-11,18.5375,18.562954
2013-11-12,18.571787,18.538315
2013-11-13,18.593929,18.533281
2013-11-14,18.862858,18.534758
2013-11-15,18.749643,18.557436
2013-11-18,18.522499,18.58992
2013-11-19,18.555357,18.614193
2013-11-20,18.392857,18.619022
2013-11-21,18.612143,18.598013
2013-11-22,18.564285,18.562418
2013-11-25,18.705,18.550087
2013-11-26,19.049999,18.561964
2013-11-27,19.498571,18.587276
2013-11-29,19.859644,18.699665
2013-12-02,19.686787000000002,18.905996
2013-12-03,20.225714,19.098358
2013-12-04,20.178572,19.306543
2013-12-05,20.282143,19.514334
2013-12-06,20.000713,19.696253
2013-12-09,20.229643,19.821407
2013-12-10,20.198214,19.906069
2013-12-11,20.048571,19.96513
2013-12-12,20.019285,19.982914
2013-12-13,19.801071,19.992666
2013-12-16,19.910713,19.951555
2013-12-17,19.821072,19.909477
2013-12-18,19.670357,19.868984
2013-12-19,19.445,19.714054
2013-12-20,19.607857,19.616634
2013-12-23,20.360357,19.517885
2013-12-24,20.27393,19.54781
2013-12-26,20.139286,19.70331
2013-12-27,20.003214,19.829926
2013-12-30,19.804285,19.89927
2013-12-31,20.036428,19.897217
2014-01-02,19.754642,19.884659
2014-01-03,19.320715,19.845364
2014-01-06,19.426071,19.72718
2014-01-07,19.287144,19.571398
2014-01-08,19.409286,19.455563
2014-01-09,19.161428,19.376669
2014-01-10,19.033571,19.313274
2014-01-13,19.133215,19.234547
2014-01-14,19.513929,19.1436
2014-01-15,19.905714,19.123457
2014-01-16,19.794643,19.197218
2014-01-17,19.309643,19.326725
2014-01-21,19.609644,19.35404
2014-01-22,19.696787,19.370955
2014-01-23,19.863571,19.399677
2014-01-24,19.502501,19.427671
2014-01-27,19.660713,19.43688
2014-01-28,18.089287,19.41643
2014-01-29,17.883928,19.055243
2014-01-30,17.849285,18.742794
2014-01-31,17.878571,18.409851
2014-02-03,17.911785,18.159403
2014-02-04,18.17107,18.00763
2014-02-05,18.306786000000002,17.94461
2014-02-06,18.303928,17.957447
2014-02-07,18.559999,18.017532
2014-02-10,18.8925,18.11584
2014-02-11,19.14143,18.2533
2014-02-12,19.139999,18.445906
2014-02-13,19.44393,18.634651
2014-02-14,19.428213,18.811247
2014-02-18,19.499643,18.981283
2014-02-19,19.191786,19.141172
2014-02-20,18.969643,19.21896
2014-02-21,18.758928,19.20906
2014-02-24,18.84107,19.149557
2014-02-25,18.645,19.054844
2014-02-26,18.476786,18.969786
2014-02-27,18.845358,18.858698
2014-02-28,18.794286999999997,18.767578
2014-03-03,18.848572,18.717245
2014-03-04,18.972857,18.717207
2014-03-05,19.012857,18.747353
2014-03-06,18.955357,18.805481
2014-03-07,18.944286,18.860767
2014-03-10,18.96143,18.888067
2014-03-11,19.14607,18.914124
2014-03-12,19.164642,18.943129
2014-03-13,18.951786,18.989555
2014-03-14,18.73893,19.010374
2014-03-17,18.812143,18.984034
2014-03-18,18.978571,18.953152
2014-03-19,18.973572,18.92626
2014-03-20,18.882143,18.92359
2014-03-21,19.031071,18.9209
2014-03-24,19.256786,18.893448
2014-03-25,19.463928,18.921127
2014-03-26,19.277857,19.006338
2014-03-27,19.195,19.092922
2014-03-28,19.173571,19.153864
2014-03-31,19.169287,19.183014
2014-04-01,19.344643,19.205145
2014-04-02,19.376785,19.219067
2014-04-03,19.2425,19.248905
2014-04-04,18.99357,19.269268
2014-04-07,18.695356,19.231142
2014-04-08,18.694286,19.128792
2014-04-09,18.940001,19.011549
2014-04-10,18.695715,18.929419
2014-04-11,18.557501,18.869947
2014-04-14,18.63143,18.782372
2014-04-15,18.498571,18.719902
2014-04-16,18.536072,18.642971
2014-04-17,18.747856,18.591496
2014-04-21,18.970358,18.571018
2014-04-22,18.989286,18.622839
2014-04-23,18.741072,18.690556
2014-04-24,20.2775,18.705225
2014-04-25,20.42643,18.870451
2014-04-28,21.217501,19.182026
2014-04-29,21.154642,19.49889
2014-04-30,21.074642,19.906858
2014-05-01,21.124287,20.228054
2014-05-02,21.16357,20.50456
2014-05-05,21.462856,20.712124
2014-05-06,21.22893,20.84952
2014-05-07,21.154642,20.941265
2014-05-08,20.999643,20.994438
2014-05-09,20.912144,21.007177
2014-05-12,21.172501,20.952465
2014-05-13,21.205713,20.936333
2014-05-14,21.209642,20.953596
2014-05-15,21.029285,20.980547
2014-05-16,21.339643,20.982471
2014-05-19,21.592501,20.972412
2014-05-20,21.596786,21.007763
2014-05-21,21.653929,21.088938
2014-05-22,21.688212999999998,21.178751
2014-05-23,21.933214,21.264868
2014-05-27,22.343929,21.349522
2014-05-28,22.286072,21.452816
2014-05-29,22.692142,21.5927
2014-05-30,22.607143,21.740559
2014-06-02,22.451786,21.852343
2014-06-03,22.769285,21.959337
2014-06-04,23.029285,22.062544
2014-06-05,23.119642,22.17388
2014-06-06,23.056069999999995,22.3059
2014-06-09,23.424999,22.417736
2014-06-10,23.5625,22.535397
2014-06-11,23.465,22.69254
2014-06-12,23.0725,22.837187
2014-06-13,22.82,22.899595
2014-06-16,23.049999,22.871256
2014-06-17,23.02,22.838785
2014-06-18,23.045,22.814367
2014-06-19,22.965,22.782568
2014-06-20,22.727501,22.749468
2014-06-23,22.7075,22.64925
2014-06-24,22.57,22.599606
2014-06-25,22.59,22.54537
2014-06-26,22.725,22.478588
2014-06-27,22.995001,22.431986
2014-06-30,23.2325,22.404922
2014-07-01,23.379999,22.466404
2014-07-02,23.370001,22.588316
2014-07-03,23.5075,22.721016
2014-07-07,23.9925,22.842491
2014-07-08,23.8375,22.955938
2014-07-09,23.8475,23.070574
2014-07-10,23.76,23.190573
2014-07-11,23.805,23.24451
2014-07-14,24.112499,23.300165
2014-07-15,23.83,23.36956
2014-07-16,23.695,23.424267
2014-07-17,23.272499,23.45377
2014-07-18,23.6075,23.397623
2014-07-21,23.485001,23.324
2014-07-22,23.68,23.277555
2014-07-23,24.297501,23.237892
2014-07-24,24.2575,23.24774
2014-07-25,24.4175,23.352766
2014-07-28,24.754999,23.472595
2014-07-29,24.594999,23.60932
2014-07-30,24.5375,23.761824
2014-07-31,23.9,23.878363
2014-08-01,24.032499,23.866772
2014-08-04,23.897499,23.797087
2014-08-05,23.780001000000002,23.728262
2014-08-06,23.74,23.623198
2014-08-07,23.620001,23.538284
2014-08-08,23.684999,23.459711
2014-08-11,23.997499,23.38182
2014-08-12,23.9925,23.367031
2014-08-13,24.309999,23.402163
2014-08-14,24.375,23.472609
2014-08-15,24.495001,23.57105
2014-08-18,24.790001,23.659687
2014-08-19,25.1325,23.77795
2014-08-20,25.1425,23.912687
2014-08-21,25.145,24.075249
2014-08-22,25.33,24.234238
2014-08-25,25.385,24.357353
2014-08-26,25.2225,24.484558
2014-08-27,25.532499,24.578568
2014-08-28,25.5625,24.638182
2014-08-29,25.625,24.68227
2014-09-02,25.825001,24.761337
2014-09-03,24.735001,24.843212
2014-09-04,24.530001,24.7657
2014-09-05,24.7425,24.630064
2014-09-08,24.59,24.505083
2014-09-09,24.497499,24.39859
2014-09-10,25.25,24.189268
2014-09-11,25.3575,24.133783
2014-09-12,25.415001,24.18876
2014-09-15,25.407499,24.293066
2014-09-16,25.215,24.426176
2014-09-17,25.395,24.472696
2014-09-18,25.4475,24.523964
2014-09-19,25.24,24.610516
2014-09-22,25.264999,24.63992
2014-09-23,25.66,24.669695
2014-09-24,25.4375,24.6878
2014-09-25,24.467501,24.714872
2014-09-26,25.1875,24.601921
2014-09-29,25.0275,24.521126
2014-09-30,25.1875,24.454735
2014-10-01,24.795,24.44544
2014-10-02,24.975,24.425737
2014-10-03,24.905001,24.392027
2014-10-06,24.905001,24.369076
2014-10-07,24.6875,24.370625
2014-10-08,25.200001,24.350937
2014-10-09,25.254999,24.331985
2014-10-10,25.182501,24.361746
2014-10-13,24.952499,24.410803
2014-10-14,24.6875,24.456316
2014-10-15,24.385,24.43793
2014-10-16,24.065001,24.290766
2014-10-17,24.4175,24.116707
2014-10-20,24.940001,24.004528
2014-10-21,25.6175,23.973291
2014-10-22,25.747499,24.086796
2014-10-23,26.2075,24.298672
2014-10-24,26.305,24.545145
2014-10-27,26.2775,24.814201
2014-10-28,26.684999,25.048697
2014-10-29,26.834999,25.24778
2014-10-30,26.745001,25.431053
2014-10-31,27.0,25.586119
2014-11-03,27.35,25.729273
2014-11-04,27.15,25.879309
2014-11-05,27.215,26.012035
2014-11-06,27.174999,26.11746
2014-11-07,27.252501,26.186228
2014-11-10,27.2075,26.24379
2014-11-11,27.424999,26.294418
2014-11-12,27.8125,26.336323
2014-11-13,28.205,26.389498
2014-11-14,28.545,26.502922
2014-11-17,28.497499,26.666502
2014-11-18,28.8675,26.865282
2014-11-19,28.6675,27.051191
2014-11-20,29.077499,27.20692
2014-11-21,29.1175,27.35157
2014-11-24,29.657499,27.490368
2014-11-25,29.4,27.648922
2014-11-26,29.75,27.784924
2014-11-28,29.7325,27.930485
2014-12-01,28.7675,28.071375
2014-12-02,28.657499,28.027184
2014-12-03,28.9825,27.911125
2014-12-04,28.872499,27.83944
2014-12-05,28.75,27.795702
2014-12-08,28.1,27.755154
2014-12-09,28.530001,27.628393
2014-12-10,27.987499,27.456278
2014-12-11,27.905001,27.344522
2014-12-12,27.432501,27.243523
2014-12-15,27.057501,27.085749
2014-12-16,26.6875,26.88378
2014-12-17,27.352501,26.650555
2014-12-18,28.1625,26.475279
2014-12-19,27.945,26.463787
2014-12-22,28.235001,26.504591
2014-12-23,28.135,26.630985
2014-12-24,28.002501,26.778145
2014-12-26,28.497499,26.89589
2014-12-29,28.477501,26.987425
2014-12-30,28.129999,27.097118
2014-12-31,27.594999,27.157997
2015-01-02,27.3325,27.13192
2015-01-05,26.5625,27.00894
2015-01-06,26.565001,26.769894
2015-01-07,26.9375,26.493877
2015-01-08,27.9725,26.315016
2015-01-09,28.002501,26.275879
2015-01-12,27.312500000000004,26.362333
2015-01-13,27.555,26.446175
2015-01-14,27.450001,26.499783
2015-01-15,26.705,26.514658
2015-01-16,26.497499,26.453863
2015-01-20,27.18,26.295858
2015-01-21,27.387501,26.213253
2015-01-22,28.1,26.211645
2015-01-23,28.245001,26.295876
2015-01-26,28.275,26.457584
2015-01-27,27.285,26.640503
2015-01-28,28.827499,26.675974
2015-01-29,29.725,26.806747
2015-01-30,29.290001,27.07094
2015-02-02,29.657499,27.33356
2015-02-03,29.6625,27.571232
2015-02-04,29.889999,27.77735
2015-02-05,29.985001,27.939644
2015-02-06,29.7325,28.117542
2015-02-09,29.93,28.243559
2015-02-10,30.504999,28.326645
2015-02-11,31.219999,28.414465
2015-02-12,31.615,28.569912
2015-02-13,31.77,28.810307
2015-02-17,31.9575,29.078964
2015-02-18,32.18,29.326738
2015-02-19,32.112499,29.56158
2015-02-20,32.375,29.765205
2015-02-25,32.197498,29.9186
2015-02-26,32.605,30.03599
2015-02-27,32.115002,30.092518
2015-03-02,32.272499,30.156933
2015-03-03,32.34,30.213066
2015-03-04,32.134998,30.25302
2015-03-05,31.602501,30.27845
2015-03-06,31.65,30.21984
2015-03-09,31.785,30.140299
2015-03-10,31.127501,30.049118
2015-03-11,30.559999,29.937325
2015-03-12,31.112499,29.763874
2015-03-13,30.897499,29.611675
2015-03-16,31.237499,29.495289
2015-03-17,31.76,29.43612
2015-03-18,32.1175,29.455317
2015-03-19,31.875,29.534315
2015-03-20,31.475,29.66504
2015-03-23,31.8025,29.724134
2015-03-24,31.672501,29.798695
2015-03-25,30.844998999999998,29.856436
2015-03-26,31.059999,29.812958
2015-03-27,30.8125,29.709362
2015-03-30,31.592501,29.608019
2015-03-31,31.1075,29.55393
2015-04-01,31.0625,29.537655
2015-04-02,31.33,29.50802
2015-04-06,31.8375,29.507137
2015-04-07,31.502501,29.536983
2015-04-08,31.4,29.607008
2015-04-09,31.639999,29.643965
2015-04-10,31.775000000000002,29.673859
2015-04-13,31.7125,29.700142
2015-04-14,31.575001,29.763817
2015-04-15,31.695,29.81425
2015-04-16,31.5425,29.84149
2015-04-17,31.1875,29.853022
2015-04-20,31.9,29.795527
2015-04-21,31.727501,29.778143
2015-04-22,32.154999,29.81499
2015-04-23,32.4175,29.86367
2015-04-24,32.57,29.945257
2015-04-28,32.639999,30.061272
2015-04-29,32.16,30.153248
2015-04-30,31.2875,30.245436
2015-05-01,32.237499,30.186684
2015-05-04,32.174999,30.141638
2015-05-05,31.450001,30.149134
2015-05-06,31.252501,30.110497
2015-05-07,31.315001,29.985395
2015-05-08,31.905001,29.879831
2015-05-11,31.58,29.829828
2015-05-12,31.467501,29.8209
2015-05-13,31.502501,29.79006
2015-05-14,32.237499,29.787834
2015-05-15,32.192501,29.833817
2015-05-18,32.547501,29.92613
2015-05-19,32.517502,30.022902
2015-05-20,32.514999,30.14369
2015-05-26,32.404999,30.255817
2015-05-29,32.57,30.332426
2015-06-01,32.634998,30.412907
2015-06-02,32.490002,30.4886
2015-06-03,32.529999,30.521387
2015-06-04,32.34,30.548166
2015-06-05,32.162498,30.536798
2015-06-08,31.950001,30.501232
2015-06-09,31.855,30.416258
2015-06-10,32.220001,30.294184
2015-06-11,32.147499,30.240103
2015-06-12,31.7925,30.23451
2015-06-15,31.73,30.20447
2015-06-16,31.9,30.128124
2015-06-17,31.825001,30.082106
2015-06-18,31.969999,30.053146
2015-06-19,31.65,30.042328
2015-06-22,31.9025,30.004751
2015-06-23,31.7575,30.007305
2015-06-24,32.0275,30.009657
2015-06-25,31.875,30.008963
2015-06-26,31.6875,30.04819
2015-06-29,31.1325,30.043064
2015-06-30,31.3575,29.963634
2015-07-01,31.65,29.88127
2015-07-02,31.610001,29.85544
2015-07-06,31.5,29.844547
2015-07-07,31.422501,29.815113
2015-07-08,30.6425,29.757524
2015-07-09,30.0175,29.63872
2015-07-10,30.82,29.447298
2015-07-13,31.415001,29.308855
2015-07-14,31.4025,29.303549
2015-07-15,31.705,29.370245
2015-07-16,32.127499,29.46669
2015-07-17,32.404999,29.609274
2015-07-21,32.6875,29.771921
2015-07-22,31.305,29.962942
2015-07-23,31.290001,29.879425
2015-07-24,31.125,29.845808
2015-07-27,30.692499,29.78572
2015-07-28,30.844998999999998,29.658136
2015-07-29,30.747499,29.547237
2015-07-30,30.592501,29.441107
2015-07-31,30.325001,29.336136
2015-08-03,29.610001,29.224182
2015-08-04,28.66,29.045776
2015-08-05,28.85,28.692192
2015-08-06,28.782499,28.337759
2015-08-07,28.879999,28.10315
2015-08-10,29.93,27.941635
2015-08-11,28.372499,27.90822
2015-08-12,28.809999,27.813341
2015-08-13,28.7875,27.647993
2015-08-14,28.99,27.609589
2015-08-17,29.290001,27.600475
2015-08-18,29.125,27.649778
2015-08-19,28.752501,27.721352
2015-08-20,28.1625,27.740881
2015-08-21,26.440001,27.644989
2015-08-24,25.780001,27.310827
2015-08-25,25.934999,26.638376
2015-08-26,27.422501,26.252327
2015-08-27,28.23,26.053057
2015-08-28,28.3225,26.107788
2015-08-31,28.190001,26.29984
2015-09-01,26.93,26.509613
2015-09-02,28.084999,26.555435
2015-09-03,27.592501,26.612694
2015-09-04,27.317499,26.67901
2015-09-08,28.077499,26.669678
2015-09-09,27.5375,26.704489
2015-09-10,28.1425,26.728144
2015-09-11,28.5525,26.76947
2015-09-14,28.827499,26.8614
2015-09-15,29.07,27.037954
2015-09-16,29.102501,27.236126
2015-09-17,28.48,27.422028
2015-09-18,28.362499,27.504387
2015-09-21,28.8025,27.471846
2015-09-22,28.35,27.475376
2015-09-23,28.58,27.443756
2015-09-24,28.75,27.437956
2015-09-25,28.6775,27.422827
2015-09-28,28.110001,27.451023
2015-09-29,27.264999,27.431433
2015-09-30,27.575001,27.287312
2015-10-01,27.395,27.114374
2015-10-02,27.594999,26.912252
2015-10-05,27.695,26.747978
2015-10-06,27.827499,26.661367
2015-10-07,27.695,26.641016
2015-10-08,27.375,26.65124
2015-10-09,28.030001,26.610725
2015-10-12,27.899999999999995,26.623735
2015-10-13,27.9475,26.710709
2015-10-14,27.5525,26.780163
2015-10-15,27.965,26.793259
2015-10-16,27.76,26.81899
2015-10-19,27.932501,26.839418
2015-10-20,28.442499,26.857498
2015-10-21,28.440001,26.895765
2015-10-22,28.875,27.008453
2015-10-23,29.77,27.14946
2015-10-26,28.82,27.35761
2015-10-27,28.637501,27.517838
2015-10-28,29.817499,27.587887
2015-10-29,30.1325,27.68553
2015-10-30,29.875,27.87265
2015-11-02,30.295000000000005,28.072432
2015-11-03,30.6425,28.277256
2015-11-04,30.5,28.466438
2015-11-05,30.23,28.647472
2015-11-06,30.264999,28.768133
2015-11-09,30.1425,28.841581
2015-11-10,29.192499,28.87072
2015-11-11,29.0275,28.730286
2015-11-12,28.93,28.547012
2015-11-13,28.084999,28.37502
2015-11-16,28.545,28.139957
2015-11-17,28.422501,27.895245
2015-11-18,29.3225,27.738325
2015-11-19,29.695,27.693624
2015-11-20,29.825001,27.768335
2015-11-23,29.4375,27.920895
2015-11-24,29.719999,28.053167
2015-11-25,29.5075,28.136486
2015-11-27,29.452499,28.22592
2015-11-30,29.575001,28.285162
2015-12-01,29.334999,28.303581
2015-12-02,29.07,28.304565
2015-12-03,28.799999,28.266964
2015-12-04,29.7575,28.169073
2015-12-07,29.57,28.09945
2015-12-08,29.557501,28.132204
2015-12-09,28.905001,28.158108
2015-12-10,29.0425,28.123056
2015-12-11,28.295,28.083849
2015-12-14,28.120001,27.956627
2015-12-15,27.622499,27.727856
2015-12-16,27.834999,27.500578
2015-12-17,27.245001,27.281322
2015-12-18,26.5075,27.103172
2015-12-21,26.8325,26.814184
2015-12-22,26.807501,26.57672
2015-12-23,27.1525,26.400373
2015-12-24,27.0075,26.298893
2015-12-28,26.705,26.278906
2015-12-29,27.184999,26.225948
2015-12-30,26.83,26.204744
2015-12-31,26.315001,26.203655
2016-01-04,26.3375,26.128061
2016-01-05,25.6775,25.942837
2016-01-06,25.174999,25.774662
2016-01-07,24.112499,25.511196
2016-01-08,24.24,25.138302
2016-01-11,24.6325,24.793528
2016-01-12,24.99,24.553484
2016-01-13,24.3475,24.44133
2016-01-14,24.879999,24.352276
2016-01-15,24.282499,24.272156
2016-01-19,24.165001,24.128408
2016-01-20,24.1975,24.039639
2016-01-21,24.075001,23.909067
2016-01-22,25.355,23.832903
2016-01-25,24.860001,23.898333
2016-01-26,24.997499,24.042196
2016-01-27,23.355,24.142912
2016-01-28,23.522499,23.989716
2016-01-29,24.334999,23.815956
2016-02-01,24.1075,23.703674
2016-02-02,23.620001,23.66854
2016-02-03,24.0875,23.619965
2016-02-04,24.15,23.584496
2016-02-05,23.504999,23.593016
2016-02-08,23.752501,23.580812
2016-02-09,23.747499,23.51984
2016-02-10,23.567499,23.481306
2016-02-11,23.424999,23.468111
2016-02-12,23.497499,23.40647
2016-02-16,24.16,23.35546
2016-02-17,24.530001,23.375534
2016-02-18,24.065001,23.483324
2016-02-19,24.01,23.618229
2016-02-22,24.219999,23.696138
2016-02-23,23.672501,23.75072
2016-02-24,24.025,23.751638
2016-02-25,24.190001,23.705849
2016-02-26,24.227501,23.702677
2016-02-29,24.172501,23.748205
2016-03-01,25.1325,23.798746
2016-03-02,25.1875,23.904493
2016-03-03,25.374999999999996,24.083889
2016-03-04,25.752501,24.275969
2016-03-07,25.467501,24.489878
2016-03-08,25.2575,24.66848
2016-03-09,25.280001,24.76825
2016-03-10,25.2925,24.823812
2016-03-11,25.565001000000002,24.850216
2016-03-14,25.629999,24.897644
2016-03-15,26.145,24.953108
2016-03-16,26.4925,25.061157
2016-03-17,26.450001,25.215153
2016-03-18,26.48,25.374954
2016-03-21,26.477501,25.509571
2016-03-22,26.68,25.632166
2016-03-23,26.532499,25.727665
2016-03-24,26.4175,25.809849
2016-03-28,26.297501,25.841656
2016-03-29,26.92,25.854889
2016-03-30,27.389999,25.869646
2016-03-31,27.247499,25.974365
2016-04-01,27.497499,26.125189
2016-04-04,27.780001,26.257238
2016-04-05,27.452499,26.40858
2016-04-06,27.74,26.521349
2016-04-07,27.135,26.610178
2016-04-08,27.165001,26.632427
2016-04-11,27.254999,26.622993
2016-04-12,27.610001,26.609032
2016-04-13,28.01,26.61176
2016-04-14,28.025,26.672544
2016-04-15,27.4625,26.768929
2016-04-18,26.870001,26.808702
2016-04-19,26.727501,26.718393
2016-04-20,26.782499,26.59712
2016-04-21,26.4925,26.462477
2016-04-22,26.419999999999998,26.318172
2016-04-25,26.27,26.162363
2016-04-26,26.0875,26.01888
2016-04-27,24.455,25.850677
2016-04-28,23.7075,25.399618
2016-04-29,23.434999,24.925533
2016-05-02,23.41,24.43066
2016-05-03,23.795,24.010279
2016-05-04,23.547501,23.71724
2016-05-05,23.309999,23.544464
2016-05-06,23.18,23.405735
2016-05-09,23.1975,23.271828
2016-05-10,23.355,23.185402
2016-05-11,23.127501,23.13021
2016-05-12,22.584999,23.09906
2016-05-13,22.629999,22.974052
2016-05-16,23.469999,22.856052
2016-05-17,23.372499,22.826813
2016-05-18,23.639999,22.889015
2016-05-19,23.549999,22.998053
2016-05-20,23.805,23.108656
2016-05-23,24.1075,23.223072
2016-05-24,24.475,23.365374
2016-05-25,24.905001,23.545048
2016-05-26,25.102501,23.761322
2016-05-27,25.0875,23.970217
2016-05-31,24.965,24.1692
2016-06-01,24.615,24.308731
2016-06-02,24.43,24.386179
2016-06-03,24.48,24.35855
2016-06-06,24.657499,24.32332
2016-06-07,24.7575,24.332855
2016-06-08,24.735001,24.363707
2016-06-09,24.9125,24.39121
2016-06-10,24.7075,24.410778
2016-06-13,24.334999,24.408161
2016-06-14,24.365,24.365358
2016-06-15,24.285,24.30257
2016-06-16,24.387501,24.244146
2016-06-17,23.8325,24.171356
2016-06-20,23.775,24.0401
2016-06-21,23.977501,23.934563
2016-06-22,23.887501,23.837017
2016-06-23,24.025,23.783775
2016-06-24,23.35,23.748016
2016-06-27,23.01,23.5963
2016-06-28,23.397499,23.429361
2016-06-29,23.6,23.301744
2016-06-30,23.9,23.252405
2016-07-01,23.9725,23.275866
2016-07-05,23.747499,23.362078
2016-07-06,23.8825,23.426199
2016-07-07,23.985001,23.469986
2016-07-08,24.17,23.538624
2016-07-11,24.245001,23.621462
2016-07-12,24.355,23.721773
2016-07-13,24.217501,23.821732
2016-07-14,24.6975,23.897495
2016-07-15,24.695,23.974464
2016-07-18,24.9575,24.078836
2016-07-19,24.967501,24.183975
2016-07-20,24.99,24.29931
2016-07-21,24.8575,24.404411
2016-07-22,24.665001,24.476162
2016-07-25,24.334999,24.493769
2016-07-26,24.1675,24.435251
2016-07-27,25.737499,24.315037
2016-07-28,26.084999,24.398504
2016-07-29,26.0525,24.61764
2016-08-01,26.512501,24.860485
2016-08-02,26.120001,25.098608
2016-08-03,26.4475,25.298603
2016-08-04,26.467501,25.460075
2016-08-05,26.870001,25.597954
2016-08-08,27.092501,25.73182
2016-08-09,27.202499,25.89195
2016-08-10,27.0,26.053764
2016-08-11,26.9825,26.185057
2016-08-12,27.045,26.277237
2016-08-15,27.370001,26.340414
2016-08-16,27.344999,26.395876
2016-08-17,27.305,26.460339
2016-08-18,27.27,26.509052
2016-08-19,27.34,26.5503
2016-08-22,27.127501,26.570755
2016-08-23,27.2125,26.563456
2016-08-24,27.0075,26.559849
2016-08-25,26.8925,26.53345
2016-08-26,26.735001,26.47209
2016-08-29,26.705,26.395958
2016-08-30,26.5,26.318338
2016-08-31,26.525,26.222158
2016-09-01,26.682501,26.130821
2016-09-02,26.932501,26.072096
2016-09-06,26.924999,26.07649
2016-09-07,27.09,26.116354
2016-09-08,26.379999,26.154587
2016-09-09,25.782499,26.12393
2016-09-12,26.360001,26.00867
2016-09-13,26.987499,25.875326
2016-09-14,27.942499,25.867817
2016-09-15,28.8925,25.965107
2016-09-16,28.73,26.266384
2016-09-19,28.395,26.612465
2016-09-20,28.3925,26.932503
2016-09-21,28.387501,27.149582
2016-09-22,28.655001,27.287167
2016-09-23,28.1775,27.41071
2016-09-26,28.219999,27.446041
2016-09-27,28.272499,27.442158
2016-09-28,28.487499,27.43252
2016-09-29,28.045,27.448496
2016-09-30,28.262501,27.427689
2016-10-03,28.129999,27.395758
2016-10-04,28.25,27.37782
2016-10-05,28.262501,27.373703
2016-10-06,28.4725,27.385439
2016-10-07,28.514999,27.409157
2016-10-10,29.012501,27.452791
2016-10-11,29.075001,27.534101
2016-10-12,29.334999,27.64469
2016-10-13,29.245001,27.79466
2016-10-14,29.407499,27.905817
2016-10-17,29.387501,28.013245
2016-10-18,29.3675,28.104952
2016-10-19,29.280000999999995,28.182505
2016-10-20,29.264999,28.202976
2016-10-21,29.15,28.204855
2016-10-24,29.4125,28.194113
2016-10-25,29.5625,28.202229
2016-10-26,28.897499,28.209707
2016-10-27,28.620001,28.106192
2016-10-28,28.43,28.020391
2016-10-31,28.385,27.909248
2016-11-01,27.872499,27.804579
2016-11-02,27.897499,27.650108
2016-11-03,27.457499999999996,27.50408
2016-11-04,27.209999,27.342596
2016-11-07,27.602501,27.146368
2016-11-08,27.764999,27.00582
2016-11-09,27.719999,26.939724
2016-11-10,26.9475,26.852234
2016-11-11,27.1075,26.749071
2016-11-14,26.4275,26.642395
2016-11-15,26.7775,26.472292
2016-11-16,27.497499,26.353067
2016-11-17,27.487499,26.291506
2016-11-18,27.514999,26.34919
2016-11-21,27.932501,26.441216
2016-11-22,27.950001,26.565845
2016-11-23,27.807501,26.717419
2016-11-25,27.9475,26.826887
2016-11-28,27.8925,26.93051
2016-11-29,27.865,27.001535
2016-11-30,27.629999,27.03297
2016-12-01,27.372499,27.036804
2016-12-02,27.475,26.992105
2016-12-05,27.2775,26.930992
2016-12-06,27.487499,26.852808
2016-12-07,27.7575,26.806923
2016-12-08,28.030001,26.787804
2016-12-09,28.487499,26.83123
2016-12-12,28.325001,26.945198
2016-12-13,28.797501,27.086342
2016-12-14,28.797501,27.233553
2016-12-15,28.955,27.399534
2016-12-16,28.9925,27.543839
2016-12-19,29.16,27.675003
2016-12-20,29.237499,27.80511
2016-12-21,29.264999,27.929855
2016-12-22,29.0725,28.028666
2016-12-23,29.129999,28.073269
2016-12-27,29.315001,28.097998
2016-12-28,29.190001,28.131067
2016-12-29,29.182501,28.163275
2016-12-30,28.955,28.183538
2017-01-03,29.0375,28.16317
2017-01-04,29.004999,28.122574
2017-01-05,29.1525,28.095901
2017-01-06,29.477501,28.08299
2017-01-09,29.747499,28.101105
2017-01-10,29.7775,28.171291
2017-01-11,29.9375,28.270609
2017-01-12,29.8125,28.37056
2017-01-13,29.76,28.44572
2017-01-17,30.0,28.507568
2017-01-18,29.997499,28.548079
2017-01-19,29.945,28.613619
2017-01-20,30.0,28.660282
2017-01-23,30.02,28.700146
2017-01-24,29.9925,28.746468
2017-01-25,30.469999,28.769266
2017-01-26,30.485001,28.813715
2017-01-27,30.487499,28.892612
2017-01-30,30.407499,28.978506
2017-01-31,30.3375,29.016714
